{
	"info": {
		"_postman_id": "33046179-f93f-4774-b32b-7d5e4f4da456",
		"name": "JustShipsTestSuite",
		"schema": "https://schema.getpostman.com/json/collection/v2.1.0/collection.json"
	},
	"item": [
		{
			"name": "Post a new ship, check we get 201 response code",
			"event": [
				{
					"listen": "test",
					"script": {
						"id": "4f41afca-fa68-4236-86d2-54c15630e3dd",
						"type": "text/javascript",
						"exec": [
							"pm.environment.set(\"shipId1\", pm.response.json()[\"id\"].toString());",
							"pm.test(\"Check we get code 201 after post with Content-Type application/json\", function() {",
							"    pm.expect(pm.response.to.have.status(201));",
							"});"
						]
					}
				},
				{
					"listen": "prerequest",
					"script": {
						"id": "e2b7f4b9-9350-4842-bf91-6933f927af47",
						"type": "text/javascript",
						"exec": [
							"pm.environment.set(\"sentShip1Length\", 10);",
							"pm.environment.set(\"sentShip1Name\", \"Test Ship 1\");",
							"pm.environment.set(\"sentShip1Type\", \"Ship 1\");"
						]
					}
				}
			],
			"request": {
				"method": "POST",
				"header": [
					{
						"key": "Content-Type",
						"value": "application/json"
					}
				],
				"body": {
					"mode": "raw",
					"raw": "{\n\t\"name\":\"{{sentShip1Name}}\",\n\t\"type\":\"{{sentShip1Type}}\",\n\t\"length\": {{sentShip1Length}}\n}"
				},
				"url": {
					"raw": "https://cpcs493advancedapi.appspot.com/ships",
					"protocol": "https",
					"host": [
						"cpcs493advancedapi",
						"appspot",
						"com"
					],
					"path": [
						"ships"
					]
				}
			},
			"response": []
		},
		{
			"name": "Check we get 415 error with post and no Content-Type header",
			"event": [
				{
					"listen": "test",
					"script": {
						"id": "e5ea6c25-3ed1-4987-a3c3-1e57f863a267",
						"type": "text/javascript",
						"exec": [
							"pm.test(\"Check we get code 415 after post with no Content-Type header\", function() {",
							"    pm.expect(pm.response.to.have.status(415));",
							"});"
						]
					}
				},
				{
					"listen": "prerequest",
					"script": {
						"id": "cc4fcaad-e106-494f-b4e4-2bfab6e0c1e3",
						"type": "text/javascript",
						"exec": [
							""
						]
					}
				}
			],
			"request": {
				"method": "POST",
				"header": [
					{
						"key": "Content-Type",
						"value": "application/json",
						"disabled": true
					}
				],
				"body": {
					"mode": "raw",
					"raw": "{\n\t\"name\":\"{{sentShip1Name}}\",\n\t\"type\":\"{{sentShip1Type}}\",\n\t\"length\": {{sentShip1Length}}\n}"
				},
				"url": {
					"raw": "https://cpcs493advancedapi.appspot.com/ships",
					"protocol": "https",
					"host": [
						"cpcs493advancedapi",
						"appspot",
						"com"
					],
					"path": [
						"ships"
					]
				}
			},
			"response": []
		},
		{
			"name": "Check we get 415 code with non-accepted Content-Type",
			"event": [
				{
					"listen": "test",
					"script": {
						"id": "e5ea6c25-3ed1-4987-a3c3-1e57f863a267",
						"type": "text/javascript",
						"exec": [
							"pm.test(\"Check we get code 415 after post with no Content-Type header\", function() {",
							"    pm.expect(pm.response.to.have.status(415));",
							"});"
						]
					}
				},
				{
					"listen": "prerequest",
					"script": {
						"id": "cc4fcaad-e106-494f-b4e4-2bfab6e0c1e3",
						"type": "text/javascript",
						"exec": [
							""
						]
					}
				}
			],
			"request": {
				"method": "POST",
				"header": [
					{
						"key": "Content-Type",
						"value": "application/xml"
					}
				],
				"body": {
					"mode": "raw",
					"raw": "{\n\t\"name\":\"{{sentShip1Name}}\",\n\t\"type\":\"{{sentShip1Type}}\",\n\t\"length\": {{sentShip1Length}}\n}"
				},
				"url": {
					"raw": "https://cpcs493advancedapi.appspot.com/ships",
					"protocol": "https",
					"host": [
						"cpcs493advancedapi",
						"appspot",
						"com"
					],
					"path": [
						"ships"
					]
				}
			},
			"response": []
		},
		{
			"name": "Check we can get list of ships in json",
			"event": [
				{
					"listen": "test",
					"script": {
						"id": "3f4f9192-b020-4372-918b-de50eccf4b12",
						"type": "text/javascript",
						"exec": [
							"var shipHere = false;",
							"var i;",
							"for (i = 0; i < pm.response.json().length; i++) {",
							"    if (pm.response.json()[i].id === pm.environment.get(\"shipId1\")) {",
							"        shipHere = true;",
							"        break;",
							"    }",
							"}",
							"pm.test(\"Check that our newly added ship is here\", function () {",
							"   pm.expect(shipHere).to.equal(true);",
							"});",
							"pm.test(\"Check that the response code is 200\", function() {",
							"    pm.expect(pm.response.to.have.status(200));",
							"});",
							"pm.test(\"Check that we can get back a list of ships in json\", function () {",
							"    pm.expect(pm.response.to.have.header('Content-Type', 'application/json; charset=utf-8'));",
							"});"
						]
					}
				}
			],
			"request": {
				"method": "GET",
				"header": [
					{
						"key": "Accept",
						"value": "application/json"
					}
				],
				"body": {},
				"url": {
					"raw": "https://cpcs493advancedapi.appspot.com/ships",
					"protocol": "https",
					"host": [
						"cpcs493advancedapi",
						"appspot",
						"com"
					],
					"path": [
						"ships"
					]
				}
			},
			"response": []
		},
		{
			"name": "Check we can get a list of ships in html",
			"event": [
				{
					"listen": "test",
					"script": {
						"id": "b7c84953-441a-4dbf-af0e-2ff8624d2ce0",
						"type": "text/javascript",
						"exec": [
							"pm.test(\"Check that the response code is 200\", function() {",
							"    pm.expect(pm.response.to.have.status(200));",
							"});",
							"pm.test(\"Check that we can get back a list of ships in html\", function () {",
							"    pm.expect(pm.response.to.have.header('Content-Type', 'text/html; charset=utf-8'));",
							"});"
						]
					}
				}
			],
			"request": {
				"method": "GET",
				"header": [
					{
						"key": "Accept",
						"value": "text/html"
					}
				],
				"body": {},
				"url": {
					"raw": "https://cpcs493advancedapi.appspot.com/ships",
					"protocol": "https",
					"host": [
						"cpcs493advancedapi",
						"appspot",
						"com"
					],
					"path": [
						"ships"
					]
				}
			},
			"response": []
		},
		{
			"name": "Check for 406 code with no Accept header for all ships",
			"event": [
				{
					"listen": "test",
					"script": {
						"id": "e502ba28-78ac-4a55-befa-3df3215a152a",
						"type": "text/javascript",
						"exec": [
							"pm.test(\"Check that the response code is 406 with no Accept header\", function() {",
							"    pm.expect(pm.response.to.have.status(406));",
							"});"
						]
					}
				}
			],
			"request": {
				"method": "GET",
				"header": [
					{
						"key": "Accept",
						"value": "text/html",
						"disabled": true
					}
				],
				"body": {},
				"url": {
					"raw": "https://cpcs493advancedapi.appspot.com/ships",
					"protocol": "https",
					"host": [
						"cpcs493advancedapi",
						"appspot",
						"com"
					],
					"path": [
						"ships"
					]
				}
			},
			"response": []
		},
		{
			"name": "Check for 406 with unacceptable Accept header",
			"event": [
				{
					"listen": "test",
					"script": {
						"id": "bbbb91a9-b3f1-4d58-9b73-01c5d3cdddb9",
						"type": "text/javascript",
						"exec": [
							"pm.test(\"Check that the response code is 406 with incorrect Accept header\", function() {",
							"    pm.expect(pm.response.to.have.status(406));",
							"});"
						]
					}
				}
			],
			"request": {
				"method": "GET",
				"header": [
					{
						"key": "Accept",
						"value": "application/pdf"
					}
				],
				"body": {},
				"url": {
					"raw": "https://cpcs493advancedapi.appspot.com/ships",
					"protocol": "https",
					"host": [
						"cpcs493advancedapi",
						"appspot",
						"com"
					],
					"path": [
						"ships"
					]
				}
			},
			"response": []
		},
		{
			"name": "Check we can get single ship in JSON (and that the sent info matches)",
			"event": [
				{
					"listen": "test",
					"script": {
						"id": "afc1078d-3096-418c-a6a2-24cca2bb3649",
						"type": "text/javascript",
						"exec": [
							"pm.environment.set(\"initialShip1Length\", pm.response.json()[0].length);",
							"pm.environment.set(\"initialShip1Name\", pm.response.json()[0].name);",
							"pm.environment.set(\"initialShip1Type\", pm.response.json()[0].type);",
							"pm.test(\"Check we get status of 200\", function() {",
							"    pm.expect(pm.response.to.have.status(200));",
							"});",
							"pm.test(\"Check that we get ship info in json\", function () {",
							"    pm.expect(pm.response.to.have.header('Content-Type', 'application/json; charset=utf-8'));",
							"});",
							"pm.test(\"Check that we can get a specific ship back\", function () {",
							"    pm.expect(pm.environment.get(\"shipId1\")).to.be.equal(pm.response.json()[0][\"id\"]);",
							"});",
							"pm.test(\"Check that the length matches what was sent\", function () {",
							"   pm.expect(pm.response.json()[0].length).to.equal(pm.environment.get(\"sentShip1Length\"));",
							"});",
							"pm.test(\"Check that the name matches what was sent\", function () {",
							"   pm.expect(pm.response.json()[0].name).to.equal(pm.environment.get(\"sentShip1Name\"));",
							"});",
							"pm.test(\"Check that the type matches what was sent\", function () {",
							"   pm.expect(pm.response.json()[0].type).to.equal(pm.environment.get(\"sentShip1Type\"));",
							"});"
						]
					}
				}
			],
			"request": {
				"method": "GET",
				"header": [
					{
						"key": "Accept",
						"value": "application/json"
					}
				],
				"body": {},
				"url": {
					"raw": "https://cpcs493advancedapi.appspot.com/ships/{{shipId1}}",
					"protocol": "https",
					"host": [
						"cpcs493advancedapi",
						"appspot",
						"com"
					],
					"path": [
						"ships",
						"{{shipId1}}"
					]
				}
			},
			"response": []
		},
		{
			"name": "Check we get single ship info back in html",
			"event": [
				{
					"listen": "test",
					"script": {
						"id": "fcab7286-ef47-49a6-af08-0538083bb39b",
						"type": "text/javascript",
						"exec": [
							"pm.test(\"Check we get status of 200\", function() {",
							"    pm.expect(pm.response.to.have.status(200));",
							"});",
							"pm.test(\"Check that we get ship info in html\", function () {",
							"    pm.expect(pm.response.to.have.header('Content-Type', 'text/html; charset=utf-8'));",
							"});"
						]
					}
				}
			],
			"request": {
				"method": "GET",
				"header": [
					{
						"key": "Accept",
						"value": "text/html"
					}
				],
				"body": {},
				"url": {
					"raw": "https://cpcs493advancedapi.appspot.com/ships/{{shipId1}}",
					"protocol": "https",
					"host": [
						"cpcs493advancedapi",
						"appspot",
						"com"
					],
					"path": [
						"ships",
						"{{shipId1}}"
					]
				}
			},
			"response": []
		},
		{
			"name": "Check for 406 code for single ship get with no Accept header",
			"event": [
				{
					"listen": "test",
					"script": {
						"id": "3d60cf36-5945-4890-8760-254d703b4497",
						"type": "text/javascript",
						"exec": [
							"pm.test(\"Check we get status of 406 for no header for single ship\", function() {",
							"    pm.expect(pm.response.to.have.status(406));",
							"});"
						]
					}
				}
			],
			"request": {
				"method": "GET",
				"header": [
					{
						"key": "Accept",
						"value": "text/html",
						"disabled": true
					}
				],
				"body": {},
				"url": {
					"raw": "https://cpcs493advancedapi.appspot.com/ships/{{shipId1}}",
					"protocol": "https",
					"host": [
						"cpcs493advancedapi",
						"appspot",
						"com"
					],
					"path": [
						"ships",
						"{{shipId1}}"
					]
				}
			},
			"response": []
		},
		{
			"name": "Check for 406 with unacceptable Accept header",
			"event": [
				{
					"listen": "test",
					"script": {
						"id": "8f0575f4-9153-4e5e-bc56-7deb50ac7d6f",
						"type": "text/javascript",
						"exec": [
							"pm.test(\"Check we get status of 406 for unacceptable header for single ship\", function() {",
							"    pm.expect(pm.response.to.have.status(406));",
							"});"
						]
					}
				}
			],
			"request": {
				"method": "GET",
				"header": [
					{
						"key": "Accept",
						"value": "application/javascript"
					}
				],
				"body": {},
				"url": {
					"raw": "https://cpcs493advancedapi.appspot.com/ships/{{shipId1}}",
					"protocol": "https",
					"host": [
						"cpcs493advancedapi",
						"appspot",
						"com"
					],
					"path": [
						"ships",
						"{{shipId1}}"
					]
				}
			},
			"response": []
		},
		{
			"name": "Check for 415 code for no Content-Type header on patch",
			"event": [
				{
					"listen": "test",
					"script": {
						"id": "b66db80e-4ea4-46f7-aee7-acee4f47bfb0",
						"type": "text/javascript",
						"exec": [
							"pm.test(\"Check we get code 415 for no Content-Type for single ship patch\", function() {",
							"    pm.expect(pm.response.to.have.status(415));",
							"});"
						]
					}
				},
				{
					"listen": "prerequest",
					"script": {
						"id": "475abdb3-7ac2-4980-9ad3-f848204c7b7a",
						"type": "text/javascript",
						"exec": [
							""
						]
					}
				}
			],
			"request": {
				"method": "PATCH",
				"header": [
					{
						"key": "Content-Type",
						"value": "application/json",
						"disabled": true
					}
				],
				"body": {
					"mode": "raw",
					"raw": "{\n\t\"length\": 42,\n\t\"name\": \"Wiggly Woo Ha\",\n\t\"type\": \"Slippery ship\"\n}"
				},
				"url": {
					"raw": "https://cpcs493advancedapi.appspot.com/ships/{{shipId1}}",
					"protocol": "https",
					"host": [
						"cpcs493advancedapi",
						"appspot",
						"com"
					],
					"path": [
						"ships",
						"{{shipId1}}"
					]
				}
			},
			"response": []
		},
		{
			"name": "Check for 415 code for unaccepted Content-Type on patch",
			"event": [
				{
					"listen": "test",
					"script": {
						"id": "b66db80e-4ea4-46f7-aee7-acee4f47bfb0",
						"type": "text/javascript",
						"exec": [
							"pm.test(\"Check we get code 415 for no Content-Type for single ship patch\", function() {",
							"    pm.expect(pm.response.to.have.status(415));",
							"});"
						]
					}
				},
				{
					"listen": "prerequest",
					"script": {
						"id": "475abdb3-7ac2-4980-9ad3-f848204c7b7a",
						"type": "text/javascript",
						"exec": [
							""
						]
					}
				}
			],
			"request": {
				"method": "PATCH",
				"header": [
					{
						"key": "Content-Type",
						"value": "application/pdf"
					}
				],
				"body": {
					"mode": "raw",
					"raw": "{\n\t\"length\": 42,\n\t\"name\": \"Wiggly Woo Ha\",\n\t\"type\": \"Slippery ship\"\n}"
				},
				"url": {
					"raw": "https://cpcs493advancedapi.appspot.com/ships/{{shipId1}}",
					"protocol": "https",
					"host": [
						"cpcs493advancedapi",
						"appspot",
						"com"
					],
					"path": [
						"ships",
						"{{shipId1}}"
					]
				}
			},
			"response": []
		},
		{
			"name": "Check for 303 code after successful patch",
			"event": [
				{
					"listen": "test",
					"script": {
						"id": "3f493b82-ec8e-4c17-be43-0229744cfa42",
						"type": "text/javascript",
						"exec": [
							"pm.test(\"Check we get code 303 for successful patch request to single ship\", function() {",
							"    pm.expect(pm.response.to.have.status(303));",
							"});",
							"pm.test(\"Check that location header goes to ship link\", function() {",
							"    pm.expect(pm.response.to.have.header('Location','http://cpcs493advancedapi.appspot.com/ships/' + pm.environment.get(\"shipId1\")));",
							"});"
						]
					}
				},
				{
					"listen": "prerequest",
					"script": {
						"id": "475abdb3-7ac2-4980-9ad3-f848204c7b7a",
						"type": "text/javascript",
						"exec": [
							""
						]
					}
				}
			],
			"request": {
				"method": "PATCH",
				"header": [
					{
						"key": "Content-Type",
						"value": "application/json"
					}
				],
				"body": {
					"mode": "raw",
					"raw": "{\n\t\"length\": 42,\n\t\"name\": \"Wiggly Woo Ha\",\n\t\"type\": \"Slippery ship\"\n}"
				},
				"url": {
					"raw": "https://cpcs493advancedapi.appspot.com/ships/{{shipId1}}",
					"protocol": "https",
					"host": [
						"cpcs493advancedapi",
						"appspot",
						"com"
					],
					"path": [
						"ships",
						"{{shipId1}}"
					]
				}
			},
			"response": []
		},
		{
			"name": "Check that ship modify succeeded",
			"event": [
				{
					"listen": "test",
					"script": {
						"id": "40a3b73a-613d-4ee4-ac74-8100f3a17ed1",
						"type": "text/javascript",
						"exec": [
							"pm.test(\"Can modify ship by changing length\", function () {",
							"   pm.expect(pm.response.json()[0].length).to.be.not.equal(pm.environment.get(\"initialShip1Length\"));",
							"});",
							"pm.test(\"Can modify ship by changing name\", function () {",
							"   pm.expect(pm.response.json()[0].name).to.be.not.equal(pm.environment.get(\"initialShip1Name\"));",
							"});",
							"pm.test(\"Can modify ship by changing type\", function () {",
							"   pm.expect(pm.response.json()[0].type).to.be.not.equal(pm.environment.get(\"initialShip1Type\"));",
							"});"
						]
					}
				}
			],
			"request": {
				"method": "GET",
				"header": [
					{
						"key": "Accept",
						"value": "application/json"
					}
				],
				"body": {},
				"url": {
					"raw": "https://cpcs493advancedapi.appspot.com/ships/{{shipId1}}",
					"protocol": "https",
					"host": [
						"cpcs493advancedapi",
						"appspot",
						"com"
					],
					"path": [
						"ships",
						"{{shipId1}}"
					]
				}
			},
			"response": []
		},
		{
			"name": "Check for 204 code for delete on single ship",
			"event": [
				{
					"listen": "test",
					"script": {
						"id": "aafce514-17b2-4772-813e-06a09b19a406",
						"type": "text/javascript",
						"exec": [
							"pm.test(\"Check we get code 204 for delete on single ship\", function() {",
							"    pm.expect(pm.response.to.have.status(204));",
							"});"
						]
					}
				},
				{
					"listen": "prerequest",
					"script": {
						"id": "475abdb3-7ac2-4980-9ad3-f848204c7b7a",
						"type": "text/javascript",
						"exec": [
							""
						]
					}
				}
			],
			"request": {
				"method": "DELETE",
				"header": [
					{
						"key": "Content-Type",
						"value": "application/pdf"
					}
				],
				"body": {
					"mode": "raw",
					"raw": ""
				},
				"url": {
					"raw": "https://cpcs493advancedapi.appspot.com/ships/{{shipId1}}",
					"protocol": "https",
					"host": [
						"cpcs493advancedapi",
						"appspot",
						"com"
					],
					"path": [
						"ships",
						"{{shipId1}}"
					]
				}
			},
			"response": []
		},
		{
			"name": "Make sure delete removed the ship we added",
			"event": [
				{
					"listen": "test",
					"script": {
						"id": "3f3c717d-488a-4dc0-880a-cda49f22ab65",
						"type": "text/javascript",
						"exec": [
							"var shipHere = false;",
							"var i;",
							"for (i = 0; i < pm.response.json().length; i++) {",
							"    if (pm.response.json()[i].id === pm.environment.get(\"shipId1\")) {",
							"        shipHere = true;",
							"    }",
							"}",
							"pm.test(\"Make sure delete request deleted the ship we added\", function() {",
							"    pm.expect(shipHere).to.equal(false);",
							"});"
						]
					}
				}
			],
			"request": {
				"method": "GET",
				"header": [
					{
						"key": "Accept",
						"value": "application/json"
					}
				],
				"body": {},
				"url": {
					"raw": "https://cpcs493advancedapi.appspot.com/ships",
					"protocol": "https",
					"host": [
						"cpcs493advancedapi",
						"appspot",
						"com"
					],
					"path": [
						"ships"
					]
				}
			},
			"response": []
		},
		{
			"name": "Check for 405 code for delete request on ships collection",
			"event": [
				{
					"listen": "test",
					"script": {
						"id": "597da513-414e-4ac2-98fe-621e0de09e62",
						"type": "text/javascript",
						"exec": [
							"pm.test(\"Check we get code 405 for delete on ships collection\", function() {",
							"    pm.expect(pm.response.to.have.status(405));",
							"});"
						]
					}
				},
				{
					"listen": "prerequest",
					"script": {
						"id": "475abdb3-7ac2-4980-9ad3-f848204c7b7a",
						"type": "text/javascript",
						"exec": [
							""
						]
					}
				}
			],
			"request": {
				"method": "DELETE",
				"header": [
					{
						"key": "Content-Type",
						"value": "application/pdf"
					}
				],
				"body": {
					"mode": "raw",
					"raw": ""
				},
				"url": {
					"raw": "https://cpcs493advancedapi.appspot.com/ships",
					"protocol": "https",
					"host": [
						"cpcs493advancedapi",
						"appspot",
						"com"
					],
					"path": [
						"ships"
					]
				}
			},
			"response": []
		},
		{
			"name": "Check for 405 code for patch request on ships collection",
			"event": [
				{
					"listen": "test",
					"script": {
						"id": "2debe8bc-e638-4d55-8adb-e5adebb2be75",
						"type": "text/javascript",
						"exec": [
							"pm.test(\"Check we get code 405 for patch on ships collection\", function() {",
							"    pm.expect(pm.response.to.have.status(405));",
							"});"
						]
					}
				},
				{
					"listen": "prerequest",
					"script": {
						"id": "475abdb3-7ac2-4980-9ad3-f848204c7b7a",
						"type": "text/javascript",
						"exec": [
							""
						]
					}
				}
			],
			"request": {
				"method": "PATCH",
				"header": [
					{
						"key": "Content-Type",
						"value": "application/pdf"
					}
				],
				"body": {
					"mode": "raw",
					"raw": ""
				},
				"url": {
					"raw": "https://cpcs493advancedapi.appspot.com/ships",
					"protocol": "https",
					"host": [
						"cpcs493advancedapi",
						"appspot",
						"com"
					],
					"path": [
						"ships"
					]
				}
			},
			"response": []
		}
	]
}