{
  "id": "10114c9a-2e2c-446f-89e6-da88a29a4bf1",
  "name": "JustShips",
  "values": [
    {
      "key": "sentShip1Length",
      "value": 10,
      "enabled": true
    },
    {
      "key": "sentShip1Name",
      "value": "Test Ship 1",
      "enabled": true
    },
    {
      "key": "sentShip1Type",
      "value": "Ship 1",
      "enabled": true
    },
    {
      "key": "shipId1",
      "value": "5636953047302144",
      "enabled": true
    },
    {
      "key": "initialShip1Length",
      "value": 10,
      "enabled": true
    },
    {
      "key": "initialShip1Name",
      "value": "Test Ship 1",
      "enabled": true
    },
    {
      "key": "initialShip1Type",
      "value": "Ship 1",
      "enabled": true
    }
  ],
  "_postman_variable_scope": "environment",
  "_postman_exported_at": "2018-11-04T10:39:05.759Z",
  "_postman_exported_using": "Postman/6.3.0"
}