{
  "id": "eb3312c0-cd16-41dd-ab90-2cc1dec7f83e",
  "name": "CS493Assignment2",
  "values": [
    {
      "key": "OAuthGist",
      "value": "Bearer 380dbe520ce68e0ff05720f2c86f97d2ef817267",
      "description": {
        "content": "",
        "type": "text/plain"
      },
      "enabled": true
    },
    {
      "key": "initialUserGists",
      "value": 6,
      "enabled": true
    },
    {
      "key": "nameToSend",
      "value": "cme4giizc0eysiqf",
      "enabled": true
    },
    {
      "key": "contentToSend",
      "value": "lyrgmerldqos6y5t",
      "enabled": true
    },
    {
      "key": "descriptionToSend",
      "value": "icvd1pkc3zk238m2",
      "enabled": true
    },
    {
      "key": "newGistID",
      "value": "4baaf7274dc9afd7839e950f67682845",
      "enabled": true
    },
    {
      "key": "originalContentsReceived",
      "value": "4edxb9fz6anvedq0",
      "enabled": true
    },
    {
      "key": "newContentToSend",
      "value": "ymqb78tnal139vxm",
      "enabled": true
    },
    {
      "key": "initiallyStarredGists",
      "value": [
        "c77a9ddc350efadcd1baabea98279841",
        "bd92f2e410bc0fb282b6c2309af57817",
        "0ed219d36455a514672df2f58a6f67ba"
      ],
      "enabled": true
    }
  ],
  "_postman_variable_scope": "environment",
  "_postman_exported_at": "2018-10-08T04:46:20.208Z",
  "_postman_exported_using": "Postman/6.3.0"
}