{
  "id": "e29c067a-6d59-4ebe-8e73-3ec266fcf6e2",
  "name": "Ships and Cargo",
  "values": [
    {
      "key": "shipId1",
      "value": "5067171210199040",
      "enabled": true
    },
    {
      "key": "initialShipCount",
      "value": 1,
      "enabled": true
    },
    {
      "key": "shipId2",
      "value": "4862665201549312",
      "enabled": true
    },
    {
      "key": "shipId3",
      "value": "5118084088070144",
      "enabled": true
    },
    {
      "key": "shipId4",
      "value": "5113123132407808",
      "enabled": true
    },
    {
      "key": "shipPaginate",
      "value": "http://cpcs493intermediateapi.appspot.com/ships?cursor=CjQSLmoYbX5jcGNzNDkzaW50ZXJtZWRpYXRlYXBpchILEgVTSElQUxiAgICAvMuKCQwYACAA",
      "enabled": true
    },
    {
      "key": "initialShip1Length",
      "value": 10,
      "enabled": true
    },
    {
      "key": "initialShip1Name",
      "value": "Test Ship 1",
      "enabled": true
    },
    {
      "key": "initialShip1Type",
      "value": "Ship 1",
      "enabled": true
    },
    {
      "key": "ship1SelfLink",
      "value": "https://cpcs493intermediateapi.appspot.com/ships/5067171210199040",
      "enabled": true
    },
    {
      "key": "sentCargo1Weight",
      "value": 10,
      "enabled": true
    },
    {
      "key": "sentCargo1Content",
      "value": "HRMs",
      "enabled": true
    },
    {
      "key": "sentCargo1Date",
      "value": "12/18/54",
      "enabled": true
    },
    {
      "key": "cargoId1",
      "value": "6313147799437312",
      "enabled": true
    },
    {
      "key": "initialCargoCount",
      "value": 1,
      "enabled": true
    },
    {
      "key": "cargoId2",
      "value": "6476410981974016",
      "enabled": true
    },
    {
      "key": "cargoId3",
      "value": "5181872069935104",
      "enabled": true
    },
    {
      "key": "cargoId4",
      "value": "4863277368606720",
      "enabled": true
    },
    {
      "key": "cargoPaginate",
      "value": "http://cpcs493intermediateapi.appspot.com/cargo?cursor=CjQSLmoYbX5jcGNzNDkzaW50ZXJtZWRpYXRlYXBpchILEgVDQVJHTxiAgICg5LibCwwYACAA",
      "enabled": true
    },
    {
      "key": "initialCargo1Weight",
      "value": 10,
      "enabled": true
    },
    {
      "key": "initialCargo1Content",
      "value": "HRMs",
      "enabled": true
    },
    {
      "key": "initialCargo1Date",
      "value": "12/18/54",
      "enabled": true
    },
    {
      "key": "cargo1SelfLink",
      "value": "https://cpcs493intermediateapi.appspot.com/cargo/6313147799437312",
      "enabled": true
    },
    {
      "key": "sentShip1Length",
      "value": 10,
      "enabled": true
    },
    {
      "key": "sentShip1Name",
      "value": "Test Ship 1",
      "enabled": true
    },
    {
      "key": "sentShip1Type",
      "value": "Ship 1",
      "enabled": true
    },
    {
      "key": "shipCargoSelfLink1",
      "value": "https://cpcs493intermediateapi.appspot.com/cargo/6313147799437312",
      "enabled": true
    }
  ],
  "_postman_variable_scope": "environment",
  "_postman_exported_at": "2018-10-29T06:47:13.726Z",
  "_postman_exported_using": "Postman/6.3.0"
}